sequence,friction_score
AAAAAAA,0
CCCCCCC,0
TTTTTTT,0
GGGGGGG,0
GGGTTTT,0.26
GGGGGGT,0.26
TTTAAAA,0.3
TTTTTTA,0.3
AAAAAAT,0.33
AAATTTT,0.33
GAAAAAA,0.38
GGGGAAA,0.38
CCCCCCT,0.4
CCCTTTT,0.4
GGGAAAA,0.55
GGGGGGA,0.55
GGGTTTA,0.56
AAATTTA,0.63
TTTAAAT,0.63
CCCTTTA,0.7
GAAAAAT,0.71
GAATTTT,0.71
GGGGAAT,0.71
GGGCCCC,0.76
GGGGGGC,0.76
AAAATAA,0.78
ATAAAAA,0.78
CCCCTAA,0.78
CTAAAAA,0.78
GTAAAAA,0.78
GGGGTAA,0.78
CCCAAAA,0.79
CCCCCCA,0.79
CATTTTT,0.81
CCCCATT,0.81
TATTTTT,0.81
TTTTATT,0.81
GGATTTT,0.88
GGGAAAT,0.88
GGGGGAT,0.88
AAAATTT,0.93
ATTTTTT,0.93
CAAAAAA,0.93
CCCCAAA,0.93
CCCCTTT,0.93
CTTTTTT,0.93
TAAAAAA,0.93
TTTTAAA,0.93
GTTTTTT,0.93
GGAAAAA,0.93
GGGGTTT,0.93
GGGGGAA,0.93
AAAAATA,0.98
AATAAAA,0.98
GATAAAA,0.98
GGGGATA,0.98
GAATTTA,1.01
GGGTATT,1.07
TTTATAA,1.08
ATAAAAT,1.11
CATTTTA,1.11
CTAAAAT,1.11
TATTTTA,1.11
GTAAAAT,1.11
CCCAAAT,1.12
AAATATT,1.14
GAAATAA,1.16
GGGCCCT,1.16
TTATTTT,1.18
TTTTTAT,1.18
GGATTTA,1.18
GGGTAAA,1.19
CCCTATT,1.21
ATTTTTA,1.23
CTTTTTA,1.23
TTTATTT,1.23
GTTTTTA,1.23
AAATAAA,1.26
CAAAAAT,1.26
TAAAAAT,1.26
GGAAAAT,1.26
TTTAATA,1.28
AATAAAT,1.31
GAAATTT,1.31
GATAAAT,1.31
CCCTAAA,1.33
GGGATAA,1.33
GAAAATA,1.36
GGTAAAA,1.36
GGGGGTA,1.36
GGGTTAT,1.44
AAAAAAC,1.46
AAACCCC,1.46
TTATTTA,1.48
GGGATTT,1.48
AAAAGTT,1.49
AGTTTTT,1.49
CCCCGTT,1.49
CGTTTTT,1.49
TTTTGTT,1.49
TGTTTTT,1.49
CCCCCTA,1.5
CCTAAAA,1.5
AAATTAT,1.51
GAATATT,1.52
GGGAATA,1.53
GGGCTAA,1.54
GGGCCCA,1.55
ATAATAA,1.56
CTAATAA,1.56
GTAATAA,1.56
CCCATAA,1.57
GGGCATT,1.57
AAAATTA,1.58
ATTAAAA,1.58
CCCCTTA,1.58
CCCTTAT,1.58
CTTAAAA,1.58
GTTAAAA,1.58
GGGGTTA,1.58
CATTATT,1.62
TATTATT,1.62
GAATAAA,1.64
GGATATT,1.69
GGTAAAT,1.69
GGGCAAA,1.69
GGGCTTT,1.69
ATAATTT,1.71
CAAATAA,1.71
CTAATTT,1.71
TAAATAA,1.71
GTAATTT,1.71
GGAATAA,1.71
CCCATTT,1.72
TCCCCCC,1.73
TTTTCCC,1.73
ATTTATT,1.74
CATTAAA,1.74
CTTTATT,1.74
TATTAAA,1.74
GTTTATT,1.74
GGGTGTT,1.75
AATATAA,1.76
ATAAATA,1.76
CTAAATA,1.76
TTTAAAC,1.76
GATATAA,1.76
GTAAATA,1.76
CCCAATA,1.77
AGTTTTA,1.79
CGTTTTA,1.79
TTTAGTT,1.79
TGTTTTA,1.79
CAATTTT,1.81
CCCCAAT,1.81
TAATTTT,1.81
TTTTAAT,1.81
GGATAAA,1.81
AAATGTT,1.82
CCTAAAT,1.83
GAAAAAC,1.84
GAACCCC,1.84
GGGGAAC,1.84
AAACCCT,1.86
ATTTAAA,1.86
CAAATTT,1.86
CTTTAAA,1.86
TAAATTT,1.86
GTTTAAA,1.86
GGAATTT,1.86
GAAAGTT,1.87
TTTATTA,1.88
CCCTGTT,1.89
GAATTAT,1.89
AATATTT,1.91
ATTAAAT,1.91
CAAAATA,1.91
CTTAAAT,1.91
TAAAATA,1.91
GATATTT,1.91
GTTAAAT,1.91
GGAAATA,1.91
AATAATA,1.96
GAAATTA,1.96
GATAATA,1.96
TTTCCCC,1.98
TTTTTTC,1.98
CATTTAT,1.99
TATTTAT,1.99
TTATATT,1.99
TTTTTTG,1.99
TTTGGGG,1.99
GGGTCCC,1.99
TCTAAAA,2
TTTTCTA,2
GGGAAAC,2.01
AAAACAA,2.02
ACAAAAA,2.02
GCAAAAA,2.02
GGGGCAA,2.02
GGGAGTT,2.04
AAATCCC,2.06
GGATTAT,2.06
GGGTAAT,2.07
AAAAAAG,2.1
AAAGGGG,2.1
ATTTTAT,2.11
CAATTTA,2.11
CTTTTAT,2.11
TAATTTA,2.11
TTATAAA,2.11
GTTTTAT,2.11
CCATTTT,2.12
CCCCCAT,2.12
AAAACTT,2.13
ACTTTTT,2.13
CCCTCCC,2.13
TCCCCCT,2.13
TCCTTTT,2.13
TTTTCCT,2.13
GCTTTTT,2.13
GGGATTA,2.13
GGGGCTT,2.13
AAATAAT,2.14
GGTATAA,2.14
GAATGTT,2.2
CCCTAAT,2.21
AAACTAA,2.24
ATAAAAC,2.24
CTAAAAC,2.24
GAACCCT,2.24
GTAAAAC,2.24
GGGTTTC,2.24
AAACCCA,2.25
CCCAAAC,2.25
TTTGGGT,2.25
GGGCGTT,2.25
GGGTTTG,2.25
GGGCCTA,2.26
GGGTCTA,2.26
AAACATT,2.27
ATAAGTT,2.27
CTAAGTT,2.27
GTAAGTT,2.27
CCCAGTT,2.28
CCTATAA,2.28
GGTATTT,2.29
AGTTATT,2.3
CATTGTT,2.3
CGTTATT,2.3
TATTGTT,2.3
TGTTATT,2.3
AAATTTC,2.31
AAATTTG,2.32
TCATTTT,2.32
TTTACAA,2.32
TTTTCAT,2.32
AAATCTA,2.33
TCTAAAT,2.33
GGTAATA,2.34
GGGCTTA,2.34
ACAAAAT,2.35
GCAAAAT,2.35
AAAGGGT,2.36
ATAATTA,2.36
ATTATAA,2.36
CTAATTA,2.36
CTTATAA,2.36
TTATTAT,2.36
GTAATTA,2.36
GTTATAA,2.36
CCCATTA,2.37
TTTGAAA,2.37
GGATGTT,2.37
CCCTTTC,2.38
TTTCCCT,2.38
AAACAAA,2.39
AAACTTT,2.39
CAAAAAC,2.39
CCCTTTG,2.39
TAAAAAC,2.39
GGAAAAC,2.39
GGGTCCT,2.39
CCCTCTA,2.4
TTTAAAG,2.4
GAAACAA,2.4
CATCCCC,2.41
CCCCATC,2.41
TATCCCC,2.41
TTACCCC,2.41
TTTTATC,2.41
TTTTTAC,2.41
ATTTGTT,2.42
AGTTAAA,2.42
CAAAGTT,2.42
CCATTTA,2.42
CTTTGTT,2.42
CGTTAAA,2.42
TAAAGTT,2.42
TGTTAAA,2.42
GTTTGTT,2.42
GGAAGTT,2.42
ACTTTTA,2.43
CCTATTT,2.43
TCCTTTA,2.43
TTTACTT,2.43
GCTTTTA,2.43
AATAAAC,2.44
GAATCCC,2.44
GATAAAC,2.44
AAAAGAA,2.46
AAATCCT,2.46
AGAAAAA,2.46
CCCCGAA,2.46
CGAAAAA,2.46
TTTTGAA,2.46
TGAAAAA,2.46
AATAGTT,2.47
GATAGTT,2.47
AAAGAAA,2.48
CCTAATA,2.48
GAAAAAG,2.48
GAAGGGG,2.48
GGGGAAG,2.48
ATTATTT,2.51
CAAATTA,2.51
CTTATTT,2.51
TAAATTA,2.51
TCCCTAA,2.51
GAAACTT,2.51
GTTATTT,2.51
GGAATTA,2.51
TCCAAAA,2.52
TCCCCCA,2.52
TTTTCCA,2.52
GAATAAT,2.52
CCCTCCT,2.53
CATTCCC,2.54
TATTCCC,2.54
TCCCATT,2.54
TTTGGGA,2.54
GGCAAAA,2.55
GGGGGCA,2.55
AATATTA,2.56
ATTAATA,2.56
CTTAATA,2.56
GATATTA,2.56
GTTAATA,2.56
AAAAATG,2.57
AATGGGG,2.57
GATGGGG,2.57
GGGACAA,2.57
GGGCAAT,2.57
GGGGATG,2.57
GGGTCAT,2.58
GGACCCC,2.61
GGATCCC,2.61
GGGGGAC,2.61
CAATATT,2.62
CATTAAT,2.62
TAATATT,2.62
TATTAAT,2.62
TCATTTA,2.62
GAACTAA,2.62
GAACCCA,2.63
AAATCAT,2.65
AAAGGGA,2.65
TTAGGGG,2.65
TTTTTAG,2.65
GAACATT,2.65
GGAGGGG,2.65
GGGAAAG,2.65
GGGGGAG,2.65
ATTTCCC,2.66
CTTTCCC,2.66
TCCCAAA,2.66
TCCCTTT,2.66
GTTTCCC,2.66
GGCTTTT,2.66
GGGGGCT,2.66
AGTTTAT,2.67
CGTTTAT,2.67
TTATGTT,2.67
TGTTTAT,2.67
GGGTATC,2.67
GGGTTAC,2.67
GGGACTT,2.68
GAATTTC,2.69
GGATAAT,2.69
TTTGAAT,2.7
GAATTTG,2.7
GAATCTA,2.71
CCCCCCG,2.72
CCCTCAT,2.72
CCCGGGG,2.72
GGGTGAA,2.72
AAATATC,2.74
AAATTAC,2.74
ATTTAAT,2.74
CAATAAA,2.74
CTTTAAT,2.74
TAATAAA,2.74
GAAGGGT,2.74
GTTTAAT,2.74
TTTGGGC,2.75
TTTAGAA,2.76
TTTCTAA,2.76
TTTCCCA,2.77
TTTGTAA,2.77
GAACAAA,2.77
GAACTTT,2.77
TCTATAA,2.78
TTAAAAA,2.78
TTTTTAA,2.78
GGGTCCA,2.78
AAATGAA,2.79
AGAAAAT,2.79
CATTTTC,2.79
CGAAAAT,2.79
TATTTTC,2.79
TTTCATT,2.79
TGAAAAT,2.79
AAAAACA,2.8
AACAAAA,2.8
ACAATAA,2.8
ATAACAA,2.8
CATTTTG,2.8
CTAACAA,2.8
TATTTTG,2.8
GCAATAA,2.8
GTAACAA,2.8
AAAGAAT,2.81
CATCCCT,2.81
CATTCTA,2.81
CCCACAA,2.81
CCCTATC,2.81
CCCTTAC,2.81
TATCCCT,2.81
TATTCTA,2.81
TTACCCT,2.81
GGTAAAC,2.82
AATGGGT,2.83
GATGGGT,2.83
GAAAGAA,2.84
GAATCCT,2.84
AAATCCA,2.85
TCCAAAT,2.85
GGTAGTT,2.85
AAAGGGC,2.86
CCCTGAA,2.86
GAAGAAA,2.86
GGATTTC,2.86
TTTAATG,2.87
TTTGGAT,2.87
GGATTTG,2.87
AAAGTAA,2.88
ATAAAAG,2.88
CTAAAAG,2.88
TTCTTTT,2.88
TTTTTCT,2.88
GTAAAAG,2.88
GGATCTA,2.88
GGCAAAT,2.88
GGGCCAT,2.88
CCCAAAG,2.89